;RF0610;RF0620;RF0811;RF0812;RF0893;RF0899;RF1011;RF1012;RF1013;RF1020;RF1031;RF1032;RF1039
1990-01-31;395,892609;3017,533674;248,133824;95,517342;108,63547;117,903031;111,206712;82,786439;69,622457;71,152733;87,624893;37,800339;48,157115
1990-02-28;343,792821;2828,569346;232,616753;97,016789;82,816204;112,035314;94,587681;72,501634;73,795864;73,406339;91,855044;37,537641;41,456954
1990-03-31;395,463148;3130,635347;264,74647;118,258726;92,174856;125,604533;108,334131;83,717281;77,640551;90,534375;102,950769;45,707528;40,747949
1990-04-30;366,131971;3012,432439;225,175406;112,373892;85,508302;109,572814;108,105499;78,595727;83,07261;80,560734;101,442834;40,462338;33,890067
1990-05-31;369,201396;2970,165061;220,624298;120,090908;70,698257;117,293883;110,349641;85,942817;95,190774;80,186719;100,054326;51,67188;42,559831
1990-06-30;350,270643;1862,89823;245,684475;125,327824;85,368217;119,256791;105,19145;81,978387;82,14646;94,82529;101,908141;43,278988;119,717564
1990-07-31;307,255605;333,40216;247,357743;126,298063;86,126927;144,962502;110,516772;76,505251;85,076969;85,641098;57,56919;42,702057;162,995456
1990-08-31;361,567333;1982,850133;221,50113;92,627439;50,905539;55,336406;114,674447;78,999544;88,355519;70,401434;92,794663;44,418392;214,971643
1990-09-30;358,171862;3132,384342;255,307272;114,757879;100,209678;86,20283;105,089345;77,725098;54,790362;89,078786;96,355107;29,400812;231,952215
1990-10-31;375,762525;3118,683881;282,751701;131,119754;99,192755;134,347203;121,784953;86,145651;62,501538;83,891323;92,362221;37,947573;134,859788
1990-11-30;356,262988;3121,963247;260,637354;116,162622;98,779701;127,510036;115,295984;81,768216;56,18595;85,691809;86,016144;34,844415;87,406937
1990-12-31;362,40471;3072,481265;206,353402;75,679564;97,256248;102,145422;107,938516;83,685915;38,06397;84,631362;69,012275;33,040955;53,506707
1991-01-31;355,655422;3179,461455;273,991911;97,884082;96,991643;119,67178;120,68655;91,843441;81,872967;76,217203;93,861805;49,360705;49,877036
1991-02-28;314,221778;2904,577751;254,161233;76,115571;83,312527;107,543264;101,149124;77,036865;77,653934;76,956008;96,296827;37,481633;43,284334
1991-03-31;356,136591;3280,684537;264,20721;117,517633;103,060552;115,747972;113,284206;88,866202;76,244138;91,548421;104,10389;47,633997;42,769915
1991-04-30;348,990878;3112,489524;254,072735;129,888043;80,963894;120,139544;114,492417;90,109889;79,84576;85,804604;108,045969;62,983387;35,541966
1991-05-31;364,181443;3239,510281;244,461189;119,801857;93,865842;116,433882;113,209681;88,129518;72,263727;79,649309;99,383775;55,357334;44,286953
1991-06-30;350,148555;3178,951332;252,242662;130,945788;88,28797;122,325192;105,397101;84,615895;72,102354;97,305814;104,573947;52,850708;128,366581
1991-07-31;354,766338;3073,355763;261,099163;134,776256;89,543097;157,378809;119,962274;84,38789;95,384802;92,017891;61,855764;62,262744;170,706751
1991-08-31;356,833208;2955,590104;184,81758;92,961082;53,083105;48,511674;114,452595;77,225563;69,769644;71,515435;94,263009;48,316851;218,700279
1991-09-30;353,058548;2011,854299;274,860485;120,258212;107,455301;120,843873;115,739968;86,088295;57,476166;93,459189;101,093321;44,017634;239,572807
1991-10-31;371,519623;2619,047041;272,766151;133,098417;99,841638;133,510286;125,536592;97,452619;61,863045;85,359255;93,978377;43,699806;136,247818
1991-11-30;350,883953;2978,837161;230,26815;107,737795;101,848335;121,212754;107,45537;91,438134;53,033373;87,738937;88,071022;39,755814;87,981982
1991-12-31;358,967586;3241,040652;187,868134;83,948043;108,849334;117,330811;115,588623;96,769876;46,924194;86,044092;70,164279;44,732298;54,827794
1992-01-31;354,04243;3243,882769;268,615593;87,468838;108,001268;123,896155;121,898097;90,895944;71,67689;75,929382;93,507354;55,394681;50,718503
1992-02-29;333,063479;3013,452686;246,222102;93,325561;103,88172;112,502096;101,664459;78,87022;69,199014;77,256177;96,672447;48,868201;43,939588
1992-03-31;362,351566;3217,793594;269,849561;117,776358;89,121617;125,422429;120,037109;92,076431;68,982789;93,308302;106,105136;56,393023;43,069376
1992-04-30;349,637224;3031,817133;257,032919;117,167866;107,311711;132,83252;122,160631;94,859561;73,917364;86,25354;108,611273;62,926536;35,681387
1992-05-31;358,420347;3070,586521;226,128131;105,683239;75,63582;111,452241;105,100331;86,455345;85,5411;77,849539;97,138082;60,826865;44,82689
1992-06-30;339,900382;2027,012255;245,925548;123,131603;107,520172;143,366312;117,560923;96,60529;87,025028;103,16393;110,86962;62,753116;131,025566
1992-07-31;352,703776;2618,318293;241,677984;116,648436;99,475491;148,011954;116,320547;91,737453;81,865106;91,736612;61,666682;55,185214;176,496777
1992-08-31;343,193874;2615,257552;166,932777;81,415885;68,566354;37,487449;111,106201;83,839134;79,20778;72,281576;95,272846;47,721484;229,328829
1992-09-30;331,559647;2660,592958;246,338358;114,193172;120,093796;125,409328;119,111844;98,410958;41,898513;98,581835;106,634402;55,738032;249,793485
1992-10-31;336,094123;3105,347795;227,486799;114,309295;99,953485;123,336355;113,518817;95,669568;53,278836;83,791912;92,25278;41,330864;142,336223
1992-11-30;323,442979;2928,334933;221,30244;100,078454;117,335451;112,725056;112,37531;90,469023;56,045835;86,601147;86,928929;43,833625;91,47151
1992-12-31;332,59811;3158,327767;180,566487;75,022085;100,460749;103,834025;120,241265;96,111874;50,829687;92,343912;75,301435;50,558119;56,072538
1993-01-31;332,509058;3403,259932;209,849437;77,167294;103,922736;114,066705;106,934447;85,876072;70,763807;70,325665;86,606351;49,370401;49,695642
1993-02-28;303,638941;3011,922315;234,831767;87,371742;96,195167;107,588946;101,894002;88,7866;68,460234;74,884296;93,704451;48,764248;42,520713
1993-03-31;332,365425;3404,717428;252,944727;103,014297;87,55062;122,269676;121,31379;95,461282;63,885886;92,941364;105,68787;63,934917;41,387918
1993-04-30;330,498204;3180,991826;231,587041;104,469484;97,516216;108,363657;108,264768;95,006079;79,545587;81,974662;103,223272;64,040731;34,364014
1993-05-31;334,376279;3109,574533;204,16886;97,190875;79,594901;97,345723;102,517849;87,065683;80,462326;75,002306;93,585401;60,180351;43,045584
1993-06-30;317,140389;2176,041199;234,99839;118,788496;104,885572;114,03127;117,710349;103,364137;93,768931;100,256634;107,745167;70,130061;123,532702
1993-07-31;325,471069;3069,493399;240,525581;111,208804;95,073097;134,476225;106,850253;88,909055;89,33455;86,929533;58,435292;61,708023;164,798629
1993-08-31;318,720345;3328,1989;173,11673;80,308091;54,599944;32,934553;113,427968;86,804713;73,690098;71,558036;94,319155;52,296996;212,133837
1993-09-30;317,571286;1937,011891;263,764871;108,447731;116,829979;118,377521;114,469921;106,324244;56,804714;96,961233;104,881423;43,988708;232,971071
1993-10-31;343,568754;2780,909234;225,346273;103,217052;102,860371;105,75865;108,616043;99,040098;59,380011;81,820489;90,082287;45,078086;133,799961
1993-11-30;340,552473;3331,842639;209,243444;89,724715;113,979143;104,402548;112,55542;95,348181;59,618759;87,584424;87,915929;48,877897;86,971515
1993-12-31;359,081056;3412,733655;184,717456;76,897559;116,060494;96,72691;111,457985;102,942744;47,040771;93,198531;75,998332;49,369746;54,064463
1994-01-31;352,330332;2689,087;228,974752;76,240911;138,20141;99,550631;107,564096;92,767127;70,8399;72,460912;89,235921;45,000688;50,248068
1994-02-28;311,251459;3046,902214;199,795029;78,567519;91,758457;96,264651;98,007142;87,463336;77,161417;75,875594;94,944882;48,42307;42,7915
1994-03-31;349,30256;3332,498512;260,253041;111,265489;89,536363;111,775978;117,724325;101,944443;70,030102;93,986163;106,87596;65,876688;41,048801
1994-04-30;330,341644;3233,898923;206,45502;102,252765;106,080944;105,008038;102,4705;95,979936;74,592748;80,01058;100,750069;53,438801;34,014798
1994-05-31;342,119503;2979,27441;235,69628;107,688639;92,049247;107,61173;107,103433;100,550824;86,194087;79,591953;99,312204;67,096402;42,566276
1994-06-30;338,304626;2558,269467;242,857952;126,79137;111,298515;117,89057;107,028229;107,660876;94,558112;100,581428;108,094214;65,615044;125,409091
1994-07-31;333,557574;3320,692796;220,011403;110,085038;99,832193;131,15185;97,947415;91,540033;116,971497;87,326366;58,702053;70,53802;165,14907
1994-08-31;331,74637;3548,790886;177,21157;93,703188;60,536472;41,64776;113,491449;94,832378;95,906031;74,809229;98,604485;62,276187;209,193291
1994-09-30;327,550866;2387,378087;243,023255;114,656475;110,425586;114,148291;109,201733;103,464882;58,751921;96,441382;104,319111;49,376053;232,795169
1994-10-31;328,957028;2976,140794;234,999256;112,194784;126,760106;110,799158;107,341366;97,830822;65,552125;83,192224;91,592532;52,91727;131,828377
1994-11-30;315,324875;3168,457362;215,409756;108,075258;106,65595;102,367795;107,451186;102,062252;75,942108;89,746611;90,086292;53,431088;85,709852
1994-12-31;315,833334;3241,259276;175,391398;86,558092;135,590826;110,536584;107,129864;106,028224;57,00852;89,271963;72,796437;57,22958;53,777759
1995-01-31;308,352957;3446,911931;230,280633;78,481348;125,604864;105,95707;108,758239;105,742275;76,954807;75,86502;93,4281;58,445588;50,819646
1995-02-28;275,66509;3009,808947;216,484536;89,901495;92,914444;111,086672;98,858382;97,861025;75,307734;77,462382;96,930468;62,83232;43,532412
1995-03-31;314,582295;3221,510209;243,610938;110,08616;119,438341;124,466768;116,013927;118,748479;78,592908;96,671338;109,929395;72,858292;41,908063
1995-04-30;293,909281;3052,149199;221,805359;104,43206;109,766016;106,919798;102,031519;102,372739;71,455426;82,15423;103,449379;73,714575;34,624075
1995-05-31;307,070319;3182,449322;231,781764;111,921731;97,486582;111,904827;115,170293;114,657443;77,291137;83,724939;104,469214;87,136403;43,273952
1995-06-30;300,533608;1394,677711;239,208028;124,793455;116,733037;127,868585;108,742751;116,071111;77,909497;102,782367;110,459554;74,928619;130,37504
1995-07-31;298,515572;2001,360329;219,75658;111,600039;100,666506;127,307795;102,627895;95,853593;73,713033;88,080611;59,209061;76,843509;169,819812
1995-08-31;299,676122;2944,950384;174,778509;87,555812;80,335436;72,803874;115,56481;102,123748;85,039751;75,73633;99,826484;65,497188;211,840083
1995-09-30;289,851665;3110,44903;250,902215;113,362671;121,659716;122,748214;108,606904;105,958695;72,994731;98,403469;106,441467;50,250436;237,835778
1995-10-31;304,611332;3087,274847;226,017685;119,176051;111,464084;119,712359;114,401585;111,366806;76,798075;87,354912;96,175549;59,855589;132,840153
1995-11-30;313,862697;3110,667655;218,265623;102,726493;104,963484;114,533526;107,585613;110,68778;79,406513;92,101736;92,450338;59,690308;85,93533
1995-12-31;286,36427;3127,720355;154,798839;69,740753;129,550739;91,872338;103,974134;107,9997;71,159398;91,326265;74,471603;62,112899;54,155753
1996-01-31;286,612754;3215,315851;217,419412;78,577509;125,659278;135,189688;118,674433;111,659655;80,740669;79,269899;97,621205;61,292082;53,476251
1996-02-29;250,372856;2891,16879;206,163188;72,887825;106,687208;126,088198;102,971947;100,89582;79,743289;82,241007;102,910068;62,162181;45,604665
1996-03-31;272,084334;3152,789283;198,879827;97,29642;119,691997;139,550974;108,398883;109,214601;74,005826;94,415064;107,363679;68,407611;43,44306
1996-04-30;262,901913;2819,970121;201,249525;107,065904;106,752376;126,414145;107,30778;117,166727;79,950745;87,102987;109,680906;88,683137;35,687575
1996-05-31;266,584649;2819,897247;200,528539;100,001847;93,890224;128,748395;114,245728;115,377131;78,781684;84,75177;105,750455;86,498734;44,72503
1996-06-30;253,412118;1673,569529;197,22591;110,998088;103,653087;134,285137;105,098146;104,982017;74,716045;100,743209;108,268087;92,211829;134,103881
1996-07-31;258,726519;1426,15962;220,652363;117,648977;92,506804;150,376314;121,116937;116,385722;75,830993;96,097946;64,598439;70,760141;175,76667
1996-08-31;251,55926;2262,762197;150,104824;74,365533;64,237071;78,226309;117,811702;107,399116;83,058834;76,989808;101,478665;55,128403;221,177502
1996-09-30;236,868536;2569,637934;220,986647;102,298046;119,531556;130,686523;113,824295;112,820906;72,987545;100,801101;109,03495;56,347838;248,194743
1996-10-31;237,244853;2507,912988;236,756735;113,919255;125,671219;138,585613;120,719758;126,008128;86,074265;91,643376;100,897035;65,220287;139,787408
1996-11-30;225,949599;2496,763145;190,778935;83,395174;120,060965;114,594483;103,848253;113,538122;73,97182;91,979332;92,327475;54,576002;90,644921
1996-12-31;228,349697;2544,93338;170,798344;69,779932;104,602388;95,013207;112,398867;123,863878;73,036774;95,730863;78,063312;64,843264;56,659133
1997-01-31;221,314581;2516,512213;196,998043;56,874806;136,186419;117,907056;115,975157;119,69753;79,210041;80,991118;99,740901;70,758327;53,732085
1997-02-28;204,656092;2277,41003;201,724333;85,552624;126,90108;121,078924;102,084783;105,691907;76,423213;81,356402;101,803147;60,728368;45,403052
1997-03-31;218,686107;2524,38269;209,19514;96,756635;95,948603;126,989306;109,186225;113,134772;71,458285;94,795476;107,796262;70,274945;43,251821
1997-04-30;209,282493;2493,19228;248,329281;115,522465;125,683296;130,253878;122,084276;125,773894;81,347899;92,52293;116,505746;81,549858;35,671743
1997-05-31;213,241002;2315,815044;195,148787;96,93547;101,160598;124,59377;109,574906;115,276469;80,26447;84,428942;105,34764;74,325337;44,767816
1997-06-30;201,068154;1931,473407;213,815427;114,916502;130,974371;131,618078;107,630169;114,169624;77,187902;103,19072;110,898411;82,939053;131,832287
1997-07-31;217,820004;2491,443285;216,206173;118,520609;121,302286;144,136522;113,472384;116,849;78,508415;95,749415;64,364152;70,221339;171,93146
1997-08-31;209,190568;2381,766728;147,946422;75,179634;79,509816;75,335686;105,008055;100,718682;80,161253;75,614707;99,666178;71,474839;215,402148
1997-09-30;210,613965;2196,883388;240,294945;113,337576;137,135365;121,7526;113,396361;119,380898;79,230891;102,103436;110,443666;72,45874;242,574746
1997-10-31;221,294472;2229,16692;240,035176;118,10866;130,482805;143,843774;115,541843;123,899224;89,482622;94,102169;103,604107;73,501581;137,811918
1997-11-30;207,767171;2171,377212;210,390227;89,234722;111,976996;114,783014;100,619971;107,45288;76,775372;92,969168;93,321051;62,068644;90,126856
1997-12-31;221,597537;2288,559873;183,938233;72,576722;133,814493;100,5929;116,948487;133,517268;80,259367;102,495484;83,579496;71,388999;56,70189
1998-01-31;214,924374;2194,770019;194,708044;76,658117;139,708148;128,553798;111,787535;114,56514;79,657828;82,098518;101,104672;69,533908;56,743968
1998-02-28;194,594641;1977,457399;195,453045;87,32358;108,991623;123,12388;98,474183;107,840839;78,662942;81,516999;102,004104;62,922349;47,947358
1998-03-31;213,436342;1917,189948;231,007478;106,686976;127,321388;131,962538;114,97439;124,32791;77,599287;101,210688;115,091296;75,902685;45,054742
1998-04-30;201,593849;2076,639986;200,833049;103,267513;96,864686;153,765031;115,227419;125,993717;82,134798;91,859122;115,669876;79,807561;36,938542
1998-05-31;206,632474;1638,808254;167,436681;94,711985;107,395135;123,026422;103,485039;114,7542;77,562851;82,595235;103,05959;88,04336;46,148147
1998-06-30;196,490589;1438,038211;204,744327;119,782666;113,123518;134,746693;109,317334;123,644847;79,559961;107,638786;115,678714;91,158831;140,707078
1998-07-31;209,855586;2083,490217;208,561381;114,295897;102,079416;151,611894;110,156256;119,432535;83,999128;98,830449;66,435262;77,871889;180,203707
1998-08-31;201,892605;2120,36486;138,634165;76,699048;83,523134;79,251615;106,497997;109,024126;82,002342;78,680508;103,707135;66,997995;220,409204
1998-09-30;199,753918;1965,943182;237,097214;116,310018;137,603674;141,612403;111,265444;123,880916;79,044096;105,369622;113,97665;59,50886;252,911714
1998-10-31;206,343773;2143,539043;173,6809;114,478987;124,870174;144,416476;106,075472;124,666184;85,315167;91,743137;101,006869;67,027155;140,853016
1998-11-30;204,816961;2127,433714;182,612307;92,870729;132,235155;126,771969;105,490802;117,145565;82,412464;93,865997;94,221279;60,255414;91,998793
1998-12-31;203,6995;2062,065029;158,180477;79,977992;118,86512;115,61275;113,576421;126,469028;87,775113;101,19746;82,521026;70,114145;58,617807
1999-01-31;198,446863;1901,230369;170,474748;78,820003;133,357619;134,312722;104,714727;110,280542;82,849353;78,458671;96,622188;60,313229;57,989309
1999-02-28;179,060795;1775,958607;171,680926;81,934859;123,234232;127,939163;98,860714;106,079996;80,103402;81,775046;102,327009;55,966658;48,702103
1999-03-31;194,422282;2136,688813;205,218099;111,131404;126,725653;139,570307;121,660768;130,048162;86,302778;103,346399;117,519913;73,304414;45,986901
1999-04-30;180,567499;1703,448192;195,660825;107,97283;110,367303;131,151166;105,728653;116,861377;83,660421;88,528834;111,476344;73,56942;37,730602
1999-05-31;167,69947;692,893493;185,356171;100,849199;118,367785;121,694546;105,797469;113,37503;81,079613;83,697204;104,434594;71,802204;47,176689
1999-06-30;179,585053;1448,022057;213,94718;129,144819;129,847279;149,202349;108,12799;123,320456;85,524652;107,922747;115,983881;75,896778;138,879595
1999-07-31;191,029685;2126,777841;206,700362;116,892154;120,345009;145,48538;105,10547;106,599032;84,3428;95,761588;64,372333;73,999558;178,338349
1999-08-31;188,918288;2033,206612;155,318403;86,343199;85,140344;82,65983;111,178612;104,265861;87,121664;79,132713;104,303187;64,647533;219,494778
1999-09-30;184,062076;1996,696343;247,063735;120,295492;140,67008;137,498085;109,60732;113,995311;84,612103;104,798787;113,359181;71,166717;251,23016
1999-10-31;193,574851;2090,559071;206,288062;113,980981;126,12654;129,80759;106,531136;115,230781;89,361166;93,152302;102,558329;65,177188;142,804315
1999-11-30;182,460574;2004,785444;183,878114;102,764214;126,922671;124,867264;111,405464;110,919007;91,835101;97,278326;97,646524;65,079078;94,176814
1999-12-31;170,162766;1965,360184;165,865133;84,927351;144,653728;121,79242;112,693552;118,394413;82,592058;100,912646;82,288774;69,314319;59,942691
2000-01-31;173,337043;1965,068684;186,880883;84,395625;129,78836;123,546279;107,656687;108,316949;83,678174;78,738811;96,967176;60,686634;58,68556
2000-02-29;165,050888;1900,355872;185,42926;104,936188;131,921004;124,099483;103,667449;106,980071;81,245225;83,963255;105,06516;62,206632;48,989997
2000-03-31;176,771294;1948,890481;214,648386;122,921613;123,170885;138,668906;116,742342;122,270849;89,350868;103,032599;117,163081;78,650015;46,62386
2000-04-30;151,346919;1713,650663;175,185621;108,344718;121,037636;122,343709;102,071286;107,629067;81,401696;85,815289;108,059429;66,036655;38,353215
2000-05-31;167,323153;1419,528014;197,635245;124,351434;135,203888;140,060586;115,875066;125,457048;90,971575;89,514587;111,693344;87,266051;47,666226
2000-06-30;168,677607;765,112409;205,201509;119,555329;123,833804;131,583951;102,793695;115,42812;89,458895;104,560398;112,370395;77,108082;135,024657
2000-07-31;171,99408;1739,302588;206,534123;116,895151;122,977934;135,314033;100,049454;110,268456;87,295153;93,561295;62,893261;68,296639;171,45864
2000-08-31;178,899927;2009,230807;185,658518;92,285655;79,79235;89,324299;113,130007;113,969092;96,269631;79,671417;105,013237;70,687672;208,827606
2000-09-30;170,944127;1834,987186;230,300959;118,320947;133,387998;141,874054;104,330212;117,122623;88,081505;100,687081;108,911618;66,651954;240,662259
2000-10-31;173,910136;1979,060644;227,861006;122,827993;130,675865;144,732613;104,632799;125,929169;94,887411;90,249772;99,362719;65,096198;139,209664
2000-11-30;162,313254;1937,30339;203,363288;111,4447;136,460486;135,127285;84,789358;124,248279;95,950475;94,401421;94,758726;65,780049;93,195877
2000-12-31;175,40535;2014,477791;146,59638;83,555448;159,08053;116,818266;93,844935;114,47235;86,072375;98,164809;80,04806;64,738069;60,194363
2001-01-31;171,636435;1967,692177;200,967835;92,428894;151,833285;143,805197;101,979414;121,484862;91,584395;81,433107;100,285209;61,684072;58,961857
2001-02-28;155,199141;1754,460544;192,059711;100,329759;138,089564;134,22145;92,863167;108,307351;84,342609;81,657338;102,179705;55,588966;49,036074
2001-03-31;170,098132;1963,246815;219,638996;112,198084;148,664023;143,611056;101,554053;122,347764;89,103628;100,350916;114,113608;66,1341;47,036815
2001-04-30;161,834958;1801,319034;169,327828;109,838957;120,834104;129,319715;110,308338;119,439888;85,715633;89,736544;112,997107;73,214766;38,903074
2001-05-31;171,094941;1803,651027;187,050937;115,034346;125,042726;135,994912;109,68096;126,700438;91,719088;89,228452;111,33631;79,328561;48,556074
2001-06-30;161,527585;1742,290455;205,860065;126,333869;131,36983;142,928824;99,307494;120,318058;84,55807;105,690417;113,584813;78,417612;136,244063
2001-07-31;166,58201;1748,484812;206,99326;129,458363;132,701992;145,581862;105,193564;119,548539;89,730557;96,47163;64,849631;73,228812;172,732906
2001-08-31;167,929282;1808,460763;150,141373;92,304983;93,952471;94,254278;113,73687;116,854223;93,967173;79,826599;105,217778;71,857733;209,92865
2001-09-30;164,786605;1681,075632;208,117178;113,097432;148,720758;131,681713;103,815466;113,113988;84,304707;99,532682;107,662922;62,685158;241,696374
2001-10-31;170,714315;1689,018984;194,810844;128,600508;144,807954;128,182572;123,083493;133,145577;98,896211;91,318706;100,539588;61,473567;140,36904
2001-11-30;159,77527;1249,729756;176,649963;108,607259;145,528597;122,791765;114,798906;122,855007;93,726408;95,816675;96,179339;61,46366;94,16747
2001-12-31;164,507958;1324,645039;137,453935;71,275023;138,436373;89,599631;104,887404;116,095342;85,778842;98,330647;80,18329;60,761161;60,867036
2002-01-31;166,676807;1776,687355;181,863677;86,518389;129,374979;127,007604;118,477561;121,618609;90,933258;85,03017;104,715008;71,496119;57,971725
2002-02-28;149,254195;1624,306171;190,758812;94,850471;140,476507;112,416065;102,997582;106,449961;82,577418;84,071881;105,201094;62,987265;48,391154
2002-03-31;171,189738;1734,201353;191,098278;109,591079;140,257769;117,981038;110,195113;118,786657;90,592373;102,182251;116,196105;74,379562;46,352458
2002-04-30;163,277028;1561,925352;193,743139;118,196293;136,635543;115,166871;111,907689;119,50338;91,635421;92,166801;116,057304;81,648756;37,876576
2002-05-31;162,262983;1738,428091;193,805104;106,199678;110,462688;122,996074;112,826563;117,807368;92,24151;88,103374;109,932475;77,762399;47,656785
2002-06-30;151,005074;1660,233442;187,215677;120,928456;141,386151;107,85398;98,270947;107,349543;83,846095;103,876228;111,635127;73,944064;135,508506
2002-07-31;155,509387;1731,067737;195,262121;131,089699;128,717761;128,670775;112,088259;117,56849;95,680768;98,546069;66,244097;73,250695;172,497766
2002-08-31;155,88714;1730,630488;143,443844;77,302651;76,719305;73,129366;110,055432;104,914923;94,589353;79,209427;104,404291;61,609209;210,534549
2002-09-30;153,048963;1695,796339;195,300749;116,099545;141,34854;115,593024;108,272891;110,163543;89,187806;101,125895;109,386271;61,392218;243,056421
2002-10-31;160,00939;1572,85657;194,580719;121,18423;133,933672;128,192598;118,693393;121,026944;106,818474;95,477961;105,118818;68,88667;141,345233
2002-11-30;151,415863;1402,329564;169,238723;97,276791;132,660369;108,806734;103,989179;106,597865;93,166866;95,656899;96,018957;64,450404;94,251417
2002-12-31;152,032046;1754,169045;134,537741;76,854542;145,99499;93,636229;109,52854;114,620551;92,643034;102,31514;83,432425;63,787972;59,794676
2003-01-31;146,980493;1707,164806;183,66911;76,001083;131,305009;133,749649;115,577022;112,331379;90,543587;82,228055;101,26419;69,319983;58,664272
2003-02-28;137,772219;1507,633634;187,479705;90,905898;117,508885;125,452034;102,647304;102,553486;85,592182;82,129532;102,770582;60,633259;48,713656
2003-03-31;154,46087;1642,160495;209,34526;112,097062;126,444621;138,967886;110,478914;109,176404;90,024954;98,799419;112,349334;74,801891;46,793398
2003-04-30;148,708391;1534,524431;206,997845;118,096136;114,214435;128,117536;117,561691;115,244065;96,148615;92,406031;116,358551;85,908075;38,216192
2003-05-31;156,05519;1515,722736;184,810805;102,791521;118,437969;123,936196;108,16323;108,556635;91,433046;85,345084;106,490779;84,575167;47,896555
2003-06-30;144,955276;1320,491176;187,855113;120,18787;124,096352;130,280211;106,487222;107,005239;90,155682;103,340535;111,059414;89,219782;131,516457
2003-07-31;146,245095;1428,345864;204,628979;125,511007;118,549268;140,777812;109,784798;109,421771;99,899518;96,328865;64,753661;87,537652;166,324389
2003-08-31;138,848026;1517,690355;143,530491;74,105123;83,93784;87,024104;101,341295;95,203454;93,832801;74,834659;98,638012;76,936097;202,379313
2003-09-30;137,497881;1466,167879;208,02944;122,783257;141,251975;133,389737;112,517872;111,057766;97,05443;101,346746;109,625165;70,252052;234,694951
2003-10-31;143,830634;1133,785967;209,519717;128,683884;123,746902;142,097358;116,335022;116,798757;106,396437;91,268919;100,484772;67,000526;139,197594
2003-11-30;137,266633;1290,248139;175,554084;102,077007;133,131716;121,586603;100,577511;103,48256;93,165475;91,736912;92,084139;59,869785;94,129612
2003-12-31;149,422245;1515,285487;154,865074;81,177891;139,200416;108,769432;112,177645;117,915268;98,306189;102,142521;83,291671;71,912341;60,134255
2004-01-31;143,451445;1473,965482;188,379031;81,562642;116,953636;132,154278;109,564317;107,720793;98,18865;81,319216;100,144958;63,123756;58,136042
2004-02-29;135,510008;1371,722153;208,763767;97,007644;143,425727;117,115469;98,541873;99,261559;91,773526;82,129501;102,770548;65,63915;48,813851
2004-03-31;143,872288;1460,55652;214,442169;121,225824;137,511537;130,280198;117,037493;119,708341;105,092718;104,071057;118,343952;77,264161;47,669268
2004-04-30;138,38122;1426,523994;216,368914;117,238946;118,963863;124,691218;108,138464;108,850963;97,186017;90,154737;113,523693;78,306004;38,909693
2004-05-31;148,751481;1441,609075;188,716709;107,301048;138,907208;112,677744;98,738451;100,705357;91,933204;83,489069;104,174894;73,216786;48,606421
2004-06-30;134,385366;1224,952328;214,192419;131,766314;139,775228;138,356391;109,667741;115,527533;102,675388;108,086772;116,160169;82,603996;132,998873
2004-07-31;137,427501;1355,689699;199,243266;120,105776;123,747644;135,35316;101,012077;101,272515;102,802408;94,531453;63,545413;71,607402;168,331016
2004-08-31;134,100974;1331,05802;153,37547;81,48947;93,90693;90,08142;107,552098;102,092852;101,516039;77,87207;102,641563;67,349852;204,931289
2004-09-30;129,025004;1307,227964;206,666925;120,984384;139,676116;141,472418;106,984127;106,762565;102,873125;101,704772;110,012437;69,128975;236,447073
2004-10-31;130,48431;1346,87185;184,56058;114,532524;128,780196;127,880263;105,109305;103,974811;102,924256;89,130756;98,130709;64,431159;140,160216
2004-11-30;130,323442;1136,773833;187,85954;104,82212;135,161244;132,268822;105,6518;104,894777;104,890347;95,613935;95,975841;67,035229;94,393181
2004-12-31;135,823127;1294,329127;155,84644;81,905938;144,316362;107,83561;108,892696;111,68605;104,938311;103,212994;84,164585;74,05049;60,193755
2005-01-31;136,515435;1335,284758;180,884397;86,073205;138,82341;132,751001;105,160379;102,122535;94,801175;79,869716;98,359889;67,271614;55,595956
2005-02-28;116,834921;1156,595776;162,570529;89,056651;136,275852;126,153172;95,658555;95,805622;91,14935;81,61759;102,129975;68,296485;46,978998
2005-03-31;131,199599;1318,669306;190,219973;107,846019;145,516802;141,544987;114,760288;113,134121;101,628123;103,06504;117,199965;86,104288;46,074119
2005-04-30;121,013188;1283,179284;189,3311;118,481846;131,686136;145,180478;104,312438;106,679908;92,824012;89,085861;112,177758;90,017385;38,71412
2005-05-31;128,438984;1361,738307;168,61175;117,580248;139,943974;128,535419;106,592632;110,872667;97,265074;87,802638;109,557229;92,162698;46,972716
2005-06-30;123,019733;1265,980834;206,012841;130,094388;140,706412;136,401513;104,522076;109,530885;100,70825;106,098518;114,023405;93,769434;127,929605
2005-07-31;129,409939;1167,30837;190,107472;114,156647;134,900968;122,95609;94,923116;95,618907;98,954183;90,921508;61,118754;85,164616;159,172791
2005-08-31;133,815146;1067,907158;152,645495;88,696415;81,909477;96,357599;110,344701;105,955048;107,082335;78,273766;103,171023;77,781824;191,842055
2005-09-30;130,234389;577,678452;194,93244;122,332008;152,187356;137,64668;107,112853;104,990488;102,752229;99,977193;108,14374;80,282285;223,354056
2005-10-31;135,998358;614,042972;187,073244;116,241159;127,078031;126,045603;104,019234;102,273835;104,353173;88,813835;97,781783;73,77523;130,989187
2005-11-30;129,076712;806,942538;193,56364;107,974643;143,942412;124,700939;107,59914;107,450763;107,985453;95,802882;96,165494;77,322955;89,369063
2005-12-31;133,272215;1178,239588;154,168149;82,476982;160,85582;113,741237;106,799283;109,183425;101,901663;102,17339;83,31684;79,886007;59,153173
2006-01-31;131,19529;1246,158891;184,284526;87,785029;150,026633;122,993954;105,352798;100,894757;99,447424;80,582552;99,237757;80,499665;46,71176
2006-02-28;119,094259;1142,895315;178,559532;97,437326;141,869863;113,075742;96,069695;92,354856;92,905764;81,008534;101,367852;73,480874;39,808971
2006-03-31;126,614852;1191,721424;201,478923;118,530535;150,510735;134,778266;114,474143;104,092744;104,576383;104,928061;119,318488;90,127031;48,618461
2006-04-30;121,267417;1229,616314;178,327735;111,805418;138,362899;116,461394;99,377195;84,143331;93,800658;87,672947;110,398603;89,282235;39,694527
2006-05-31;127,04575;1194,782165;186,037285;120,846507;142,733327;126,094847;108,030811;93,01907;103,564479;91,342554;113,974223;95,849516;52,263782
2006-06-30;123,523883;1052,676327;194,595332;132,73265;142,579682;135,014277;102,373839;92,917114;103,206153;100,798726;108,327753;102,109169;108,338709
2006-07-31;125,517501;1005,526338;176,154297;118,795143;122,549463;123,317735;92,727137;87,56076;102,369933;98,472231;66,194467;89,501033;185,620649
2006-08-31;126,768539;1139,543075;158,532728;88,404626;109,301173;87,821869;108,794307;98,836458;109,434158;78,098578;102,94011;79,921845;193,501348
2006-09-30;127,446484;1092,393087;177,824973;121,116922;146,727595;124,304028;101,242298;99,406844;99,963347;95,56163;103,367497;77,442905;206,635456
2006-10-31;132,436274;1149,016798;187,410879;127,921903;144,147142;120,570615;106,236291;104,564794;106,519169;93,351661;102,777816;78,65722;145,635961
2006-11-30;127,098894;1113,526775;188,232571;121,109825;140,583279;115,940514;104,837858;101,833833;107,13372;98,398213;98,770653;76,211656;96,780799
2006-12-31;127,821365;1121,980251;157,607739;83,658216;133,249161;105,324161;99,973336;98,809527;101,407187;99,48067;81,121078;82,017614;59,850095
2007-01-31;112,793104;1107,696792;184,788711;94,301029;163,474164;126,141817;109,426498;102,909419;103,881012;86,804613;106,900245;82,673531;58,44068
2007-02-28;96,003911;1024,692408;178,698629;107,023227;146,00697;111,542813;96,908006;91,670291;92,398305;86,67052;108,452827;77,907868;52,537127
2007-03-31;118,297099;1141,875068;212,002799;121,944908;147,309093;130,214209;109,904723;100,217856;102,867517;106,747915;121,387927;92,521227;51,798224
2007-04-30;114,169103;652,083612;199,918233;121,300832;111,393115;114,705111;105,300916;98,39232;99,698649;94,239266;118,666975;98,953984;44,119912
2007-05-31;121,818966;1049,761335;184,224403;118,592208;137,134094;116,719506;108,482875;101,181494;103,499641;92,488961;115,404667;96,776089;55,907308
2007-06-30;117,896364;1103,178555;185,49176;136,628788;127,865723;131,432629;101,279161;100,878957;99,979308;102,380202;110,027351;100,292169;111,341085
2007-07-31;120,944244;1126,206989;199,293932;137,657317;134,344849;129,745578;103,07619;101,436726;102,465385;90,823712;61,053017;98,391893;135,179249
2007-08-31;119,907218;1111,850655;162,100143;92,942432;83,370036;98,66651;109,807692;100,115919;109,64098;77,59886;102,281441;83,337802;185,183964
2007-09-30;116,044942;1084,158235;199,815025;121,897813;138,003089;112,02106;98,652623;93,509469;97,760539;92,257219;99,793172;84,987312;197,164911
2007-10-31;122,071759;1143,186815;210,240795;139,027088;118,563535;134,051816;113,526789;109,97337;112,748956;104,782385;115,362755;96,618397;191,162219
2007-11-30;116,720015;965,590954;192,803019;119,0569;135,15606;121,551429;102,892875;102,743396;106,241925;101,042158;101,424598;90,235009;104,686676
2007-12-31;123,318488;1038,465743;141,363545;77,626219;144,459789;104,586911;97,912653;100,111664;100,937046;104,62662;85,317319;84,328569;64,447444
2008-01-31;121,235818;1082,64244;201,798522;102,795465;135,340522;110,309595;106,190795;103,885544;100,912495;105,429146;108,564532;89,557628;58,459912
2008-02-29;112,903701;964,118883;201,493878;117,660026;134,216175;137,156413;98,315664;95,449014;95,780493;101,582119;112,024797;82,092933;56,829633
2008-03-31;121,405304;1090,848141;192,105765;115,28174;136,531741;118,146609;99,758152;96,157819;97,014361;112,930647;115,622353;83,69511;52,625382
2008-04-30;117,350561;1041,963733;209,497191;132,664982;96,440787;141,141739;106,571008;104,73311;102,874404;110,217818;122,894419;95,343962;48,536165
2008-05-31;117,686661;1049,885222;176,984456;116,377344;133,972971;127,923927;100,594677;98,273286;100,051015;104,274495;111,440715;92,147194;51,319415
2008-06-30;116,230228;997,510111;194,298358;135,987632;134,872635;133,280802;97,882466;98,758365;98,180289;114,032018;104,834965;84,502845;98,350675
2008-07-31;122,768376;1022,309402;205,475212;135,569249;127,264966;135,815643;104,449582;102,273342;107,339287;111,777907;66,557217;98,727868;162,006605
2008-08-31;118,996589;988,065539;160,134176;79,752715;87,714863;85,535199;98,194267;89,143187;99,508887;86,244564;98,428971;78,180438;187,950571
2008-09-30;111,960036;684,024632;186,658405;128,15852;134,347056;119,173845;107,28406;98,927169;103,85357;110,8984;109,155929;82,554779;221,975244
2008-10-31;115,138622;640,839032;200,750739;126,973694;112,042148;114,467214;109,871854;103,421319;111,114169;116,501511;111,821277;87,62072;183,666745
2008-11-30;107,34369;1029,203357;165,808344;96,298035;127,375119;90,311428;94,466374;89,460487;99,154975;100,652501;93,074089;72,627169;92,983181
2008-12-31;113,469613;1085,834356;109,55874;75,220305;105,596095;69,645264;109,493827;106,545275;109,867585;116,383903;86,587613;94,441677;60,67162
2009-01-31;105,354381;1012,136082;136,543006;72,140863;118,443556;100,936466;101,99123;93,740918;103,546497;95,099588;88,428466;81,330516;56,170298
2009-02-28;107,883748;935,537391;159,779045;89,334964;123,809502;101,96315;92,156994;85,904406;96,946213;97,990778;96,951322;80,88982;54,120531
2009-03-31;112,074942;1014,737711;170,491929;110,940019;96,023973;88,371812;106,046277;96,350919;103,128024;111,273856;103,303932;90,450771;58,057467
2009-04-30;108,403698;963,565035;164,455903;112,11564;88,276681;77,308952;103,402562;99,384399;103,373324;114,016286;100,742128;98,626608;50,602402
2009-05-31;110,878484;977,673594;152,019135;97,741211;102,44579;65,460376;95,716312;93,476066;97,915496;97,677861;108,108467;88,199314;55,195742
2009-06-30;110,878484;910,227977;166,975742;121,758655;102,412958;95,293685;102,678673;99,0134;100,328918;117,722669;112,987743;95,932508;127,845775
2009-07-31;108,464023;958,711574;178,418809;117,447426;84,139743;108,782311;99,635539;97,484016;113,493397;108,721388;64,822766;98,816154;175,639267
2009-08-31;109,193676;909,302467;124,746208;73,431733;62,781255;69,52519;99,544782;90,40403;105,182712;84,764777;80,550587;83,526085;181,886691
2009-09-30;105,071425;909,470079;174,091565;114,455066;78,90188;116,194843;106,335843;98,212052;104,204638;118,787914;88,648578;91,633543;207,841989
2009-10-31;109,611646;943,743092;164,310124;112,035858;79,822167;106,711174;103,122861;100,112586;109,50004;114,430563;97,779279;86,263194;121,366124
2009-11-30;105,048444;866,466666;145,317609;98,97624;112,82696;98,148176;99,732474;96,980064;104,596134;114,162447;93,954284;80,937873;82,935672
2009-12-31;107,013336;825,255973;110,845387;66,484293;127,421139;75,293973;107,116269;108,296293;110,006819;119,067842;74,881014;92,735472;58,312097
2010-01-31;103,817514;868,667484;121,99129;60,716538;115,231228;97,633327;98,128497;90,272553;102,606839;97,116436;85,581516;81,000366;61,118534
2010-02-28;90,031675;785,473625;153,666617;78,505638;125,578267;96,476801;92,633889;88,894261;95,318476;101,979372;86,252532;80,033227;53,064424
2010-03-31;105,648828;919,32275;176,3023;113,098409;129,554169;119,14384;115,343368;104,506508;108,256771;124,680372;106,937577;93,961868;59,096812
2010-04-30;103,47136;729,622387;167,505203;112,888866;102,410203;107,320604;101,813485;97,931428;100,814494;109,254395;102,495259;103,477498;47,8096
2010-05-31;100,699255;842,738635;154,277663;105,23929;116,363834;101,319999;99,462387;96,255671;100,931169;104,905476;108,622391;90,104749;47,188984
2010-06-30;110,247938;716,410188;181,756717;129,098268;119,372434;116,869809;107,172295;104,17407;103,51979;122,68232;110,910971;101,130355;113,384559
2010-07-31;113,261346;873,819732;179,700691;118,683522;82,217906;114,538917;98,015722;94,669879;107,06675;109,203518;61,714227;103,421065;139,900713
2010-08-31;111,55212;854,981599;145,321408;79,931738;48,536192;93,816627;106,19491;97,702275;104,945222;94,05694;88,623173;83,962219;154,329335
2010-09-30;110,779378;809,558743;183,301762;115,38131;120,419355;118,251774;108,549916;100,288085;105,078044;118,509128;102,288444;87,179861;194,954512
2010-10-31;114,2639;772,640375;161,58457;109,202034;113,10688;115,300412;101,493521;99,397352;109,035607;115,273626;97,578582;86,471481;139,554143
2010-11-30;109,82135;1035,754801;159,649045;96,041358;116,4252;118,322581;104,662165;100,802436;106,662799;117,199937;106,551217;85,933094;87,638179
2010-12-31;112,718416;848,750805;118,356368;55,61572;135,6421;95,334831;111,205906;112,449015;106,037116;128,35601;91,783912;102,495638;66,679933
2011-01-31;112,115159;832,594464;164,092868;76,651285;109,99153;103,421082;103,061978;97,185079;107,328513;104,615595;99,609705;86,715972;64,941092
2011-02-28;100,371773;700,399597;163,29544;90,648371;118,561386;109,257285;98,050525;92,182468;96,903302;106,608888;96,30099;83,28999;61,664075
2011-03-31;112,671017;548,965785;198,263454;114,808913;137,218252;117,587831;115,810561;106,625119;112,819728;123,449142;111,557442;99,545631;67,442937
2011-04-30;109,987963;509,795586;165,348998;104,80822;86,95514;103,657564;103,318212;97,064227;105,355265;108,565303;93,926317;96,263448;52,832343
2011-05-31;112,583401;685,197916;168,361262;121,963613;115,584598;120,448036;112,69658;104,671186;112,33792;126,087718;108,320205;101,988207;72,382883
2011-06-30;106,489448;700,115385;155,866802;106,910262;123,836446;115,282065;103,19536;99,081312;106,766235;127,625304;107,730728;94,70514;125,165401
2011-07-31;107,398271;706,885453;174,745168;107,755081;72,566697;117,687513;98,730221;93,138933;109,440625;110,098288;54,864281;99,155488;154,329864
2011-08-31;109,656172;683,171997;142,854464;78,546388;72,180051;100,084272;113,303251;100,808525;117,041753;98,200914;102,922747;94,38015;175,11789
2011-09-30;107,408325;449,89251;169,185331;115,594384;104,280569;120,027662;104,222497;101,815025;111,502989;127,183545;102,220271;91,775298;216,072748
2011-10-31;106,071107;715,783465;165,776003;108,085831;115,22531;102,938754;101,749007;100,106486;113,950389;120,526146;102,891739;89,784898;149,330484
2011-11-30;102,010619;674,944433;157,905221;98,04637;119,840583;103,125522;106,31311;100,926278;113,253203;119,302601;105,327548;88,027649;96,293502
2011-12-31;102,162869;698,322665;106,055123;69,306465;110,830245;81,522364;102,406103;110,298367;106,373554;120,100059;89,210716;98,381877;69,665056
2012-01-31;94,813198;664,180827;164,642548;88,044599;129,048394;107,155519;103,046118;100,5361;107,844684;108,381732;95,781295;88,780443;65,180475
2012-02-29;91,753827;601,727132;107,31546;67,356753;114,564793;94,228459;98,910313;93,965408;104,885054;113,093746;98,105995;86,881585;55,839447
2012-03-31;102,217449;615,850267;137,401241;112,82399;108,620908;95,984711;106,405277;101,39965;108,473993;120,706384;112,045436;106,301541;62,806028
2012-04-30;100,242503;613,591148;132,095178;103,531792;91,055172;107,144297;101,017231;96,319033;101,02856;108,382135;107,088539;96,604072;53,507658
2012-05-31;101,153133;638,026065;120,442097;100,201165;108,439814;110,600614;104,659505;100,192265;107,689433;103,149594;110,31147;98,57693;56,949117
2012-06-30;95,993856;655,129778;140,73135;117,736139;115,791079;111,138636;99,437937;97,67857;104,83478;118,479888;107,41502;99,692231;97,428465
2012-07-31;96,878632;634,491638;127,155151;121,911868;97,583773;120,5755;96,845728;98,611822;108,14132;114,926272;82,257963;102,154711;130,115182
2012-08-31;98,712818;644,183985;81,77456;74,971396;48,172714;80,891367;103,486989;97,264356;111,367587;91,382083;100,543269;91,503744;192,631073
2012-09-30;94,25734;648,199385;126,386159;100,565827;108,838192;113,466692;94,217472;91,84351;101,248777;111,616341;90,021118;88,26508;201,68115
2012-10-31;96,138925;642,697339;136,098446;119,846435;110,742541;138,880613;109,994892;109,186774;118,271903;124,030215;111,189939;99,494946;186,242476
2012-11-30;94,087854;625,455164;116,786752;102,258118;106,898181;130,128412;98,393797;101,247784;109,311236;111,30974;103,320167;92,189795;99,772315
2012-12-31;95,341765;631,758833;86,862642;60,770887;42,382185;86,137158;95,002799;101,920178;101,139265;115,067471;87,319965;81,449248;69,353558
2013-01-31;88,482806;600,874497;114,692808;74,645711;117,158277;102,76804;103,507854;103,833173;109,252774;99,432546;107,507708;97,876733;70,314999
2013-02-28;86,489696;568,08813;105,613334;81,290618;110,066029;110,685585;91,036688;91,712952;95,047564;98,648894;94,547438;88,369309;65,283823
2013-03-31;96,275968;581,118142;106,201414;98,186816;112,328966;111,572907;98,72247;98,290323;103,374574;110,696661;106,44993;100,249436;63,388855
2013-04-30;91,426342;584,674432;119,086358;112,725281;109,642745;103,814607;99,603258;100,271461;103,912374;105,994634;111,167571;111,920648;60,231663
2013-05-31;94,671327;614,487508;101,87459;96,221557;76,414734;93,671147;101,291922;99,06203;104,146796;99,08868;95,175558;104,588323;59,899359
2013-06-30;93,417481;586,773226;104,466567;111,449568;111,431802;103,050332;89,875863;92,793096;96,506458;108,088763;103,423814;100,293288;78,677404
2013-07-31;100,997176;576,133507;115,739165;132,303944;123,972119;111,760148;102,563386;101,40956;109,10901;114,586529;50,493949;112,500486;163,289597
2013-08-31;105,861713;559,131818;69,064566;76,907224;47,909337;78,354956;93,457396;95,920982;105,94491;81,626802;101,272468;90,066879;167,650054
2013-09-30;96,490075;465,997838;109,390877;107,548424;119,819295;102,458185;95,358356;94,99751;102,017219;106,756402;96,66937;86,505533;193,774303
2013-10-31;94,87352;203,451836;113,922993;120,009617;122,707097;123,65422;105,947935;106,339909;114,961662;116,67025;105,210044;100,498583;179,479096
2013-11-30;91,192568;47,601812;94,346525;96,502612;92,160053;102,820868;91,954003;93,387782;104,796077;102,918115;88,403001;90,490728;101,30135
2013-12-31;94,692844;26,701323;80,942839;70,797226;95,812772;84,052065;97,79644;99,722194;103,929946;117,315171;79,288071;90,480756;71,649874
2014-01-31;91,751955;14,021109;107,059545;87,273045;117,408045;114,057719;102,708651;97,23022;104,469904;90,740583;93,590812;100,902021;68,390576
2014-02-28;82,286602;35,016336;103,110145;90,656918;107,480386;109,885542;90,096968;86,83056;96,128639;90,167533;94,206386;92,994872;60,891495
2014-03-31;92,827989;41,268993;113,507642;105,864754;101,829388;114,869732;95,938259;89,876431;99,17382;100,875409;102,604019;98,828267;59,732418
2014-04-30;90,828025;42,609889;116,338131;117,0329;90,833667;111,323524;104,264107;102,084055;103,025551;104,367073;114,342328;109,712781;58,874732
2014-05-31;94,490038;44,519209;98,402885;91,561557;89,674313;107,708108;94,707523;96,825517;100,981201;90,397832;100,04317;100,326253;56,980667
2014-06-30;88,94581;23,18147;110,352239;107,515579;91,199586;106,775472;94,740626;97,742747;100,246415;107,672344;106,234164;110,408487;106,435997
2014-07-31;95,284308;17,606549;114,977182;118,44815;105,063019;126,125427;99,78169;100,672935;105,412333;104,05732;72,984642;116,650699;171,650553
2014-08-31;93,62679;48,804246;62,733531;68,591599;61,792502;82,334255;92,353065;90,984494;100,13667;76,237469;85,901565;88,616242;167,56242
2014-09-30;92,370007;22,831671;106,578011;108,300314;114,830036;115,457463;100,846867;101,026923;103,379403;106,777718;95,988191;99,485792;217,844339
2014-10-31;95,269945;43,775886;102,17734;112,815963;101,208897;119,521157;107,141213;105,238515;111,528318;111,642953;106,427321;106,770189;155,69646
2014-11-30;89,875112;21,104539;84,875356;85,83135;109,90085;97,913448;91,683813;91,704372;100,198731;97,040741;104,272325;100,661571;89,195259
2014-12-31;93,346707;21,104539;68,151826;65,733572;85,751669;78,964116;104,155071;109,588152;105,947862;113,463093;89,552232;100,187003;71,991306
2015-01-31;92,950282;126,240997;99,597371;81,08155;125,945758;99,230456;99,535453;96,847885;97,595793;89,207383;96,23519;102,411859;66,094286
2015-02-28;87,878621;100,960733;92,601877;85,540985;109,252221;104,183573;90,195572;87,855487;88,735584;88,542372;96,407556;93,950024;61,466514
2015-03-31;100,578599;80,905591;111,182448;107,383606;102,414698;118,666141;109,734115;101,900946;96,540534;103,4;106,842743;109,76458;62,345144
2015-04-30;99,540137;119,019105;114,373772;115,35481;80,192726;92,842575;99,613871;101,717511;101,899663;104,588491;115,772834;114,244791;56,544594
2015-05-31;106,601106;118,10817;97,286065;92,724565;106,763012;94,185476;90,673679;91,952948;94,06748;90,017857;109,771197;97,601426;52,490769
2015-06-30;102,440075;94,737226;114,919237;126,665082;109,069073;102,366366;105,559681;104,478337;101,407202;107,949732;115,800058;120,481627;105,465453
2015-07-31;105,839855;110,244981;116,562021;119,206036;103,118665;99,874905;97,285147;100,690271;105,516135;109,097101;87,5881;103,901146;157,713276
2015-08-31;100,995133;96,333184;71,606614;70,309725;67,540736;68,509857;96,744942;96,788274;99,360527;85,526123;95,23861;91,723886;162,301915
2015-09-30;96,554019;89,526678;110,650267;114,352546;104,369717;108,579259;107,31223;102,582121;100,962306;106,854745;93,323935;94,034894;185,477201
2015-10-31;101,895709;88,331532;101,971732;113,302551;106,880387;115,160439;101,051114;104,29986;107,719477;101,324744;96,960467;86,96682;130,052364
2015-11-30;101,449012;90,984174;94,273489;100,569692;106,670154;109,405763;96,242785;98,645409;101,846304;96,656509;97,251274;85,301665;91,587647
2015-12-31;103,277452;84,60763;74,975106;73,508852;77,782853;86,995189;106,05141;112,240952;104,348995;116,834942;88,808036;99,617281;68,460838
2016-01-31;100,615944;136,931728;99,063023;76,288294;99,666332;109,352949;97,686572;94,433188;95,103046;89,98989;96,949186;90,769854;65,455108
2016-02-29;97,700206;151,069438;99,348246;94,428942;99,134413;105,043104;98,131317;90,30176;95,286696;95,319246;96,051048;89,043225;64,760794
2016-03-31;102,498965;156,243548;93,422181;106,09712;109,114361;91,627931;109,65707;102,358308;100,518462;108,905122;105,213987;99,170156;64,317033
2016-04-30;101,546682;122,356771;101,752287;109,104229;62,950348;119,054243;99,669511;94,504525;93,202169;98,724466;106,873625;108,686954;54,586633
2016-05-31;100,282716;148,766594;95,550137;106,077327;82,005856;120,563685;103,559291;94,696193;97,335392;97,269699;109,337044;106,421005;53,622008
2016-06-30;95,867456;135,773019;108,252597;121,109453;100,514445;124,391665;102,322991;93,482379;100,471746;111,619431;116,732376;108,276197;96,88448
2016-07-31;99,955235;149,684817;89,215;109,833953;103,815193;118,192851;92,261249;86,297376;96,405368;97,817071;73,236392;99,376546;124,347408
2016-08-31;98,340548;157,01602;75,079678;80,377882;58,735965;88,980825;104,819231;99,447963;102,899219;88,917651;103,942372;104,34583;164,120124
2016-09-30;92,469283;117,853109;118,068527;114,867187;98,636237;124,369721;102,951555;101,183033;98,99784;105,559407;99,759363;104,619589;198,231246
2016-10-31;96,655998;75,002733;93,352098;110,198536;89,605351;122,84285;98,146326;97,786473;103,91513;97,778683;103,233882;97,218648;123,856172
2016-11-30;91,043162;119,689553;95,186578;106,080682;109,155862;125,054526;100,590811;98,676331;101,951371;98,193393;96,608633;98,676172;93,107844
2016-12-31;94,769959;122,684707;71,347082;74,125621;79,958408;106,695918;102,131246;105,532901;99,243195;114,511927;87,688896;98,209698;74,529438
2017-01-31;91,072111;88,411694;94,793655;73,908753;107,308151;118,711494;100,4293;97,311414;95,322891;91,494166;98,757125;103,720531;69,383529
2017-02-28;80,363535;108,393961;92,567984;98,815402;95,217605;127,509851;91,032865;87,655114;88,691668;85,626041;95,518261;94,960994;68,469269
2017-03-31;91,467586;117,160798;117,859795;115,650753;105,087121;142,220314;107,268267;100,732331;95,345372;103,781046;110,729235;110,997146;75,936433
2017-04-30;92,995534;114,00532;105,363043;103,377882;79,796935;100,83475;94,2304;85,951585;90,455741;94,983558;111,426167;97,67965;60,097151
2017-05-31;94,935264;104,844959;107,862164;109,263937;104,266086;125,693066;104,344028;95,621693;99,369214;97,541939;113,718589;102,881497;71,83929
2017-06-30;89,091877;92,550982;118,061422;116,974294;113,16899;69,25603;100,034597;92,109972;98,067142;111,613768;115,897421;112,813092;120,194867
2017-07-31;91,131678;102,141304;106,726803;114,578032;117,202747;101,629757;90,645159;88,916282;93,332227;95,233569;82,116505;100,168632;135,060837
2017-08-31;90,541605;116,708975;81,524008;74,999864;63,186887;90,564684;103,169231;98,297252;99,754434;85,349113;108,255235;102,781279;173,401521
2017-09-30;90,214508;98,067604;102,10258;105,577907;108,7525;125,078775;100,151265;96,758157;96,974996;104,653711;97,522043;93,509713;187,940374
2017-10-31;92,787451;113,648233;108,588184;118,907041;118,80931;126,343571;104,047253;100,960109;101,536971;99,759014;102,793252;95,746606;136,724768
2017-11-30;91,131881;109,508945;105,394524;114,266957;99,490684;127,29139;103,257214;99,179413;102,01609;97,054777;97,631182;97,022094;103,302476
2017-12-31;92,571902;102,046567;74,835422;71,652966;95,427912;96,839867;97,542151;101,620901;96,672181;101,481619;87,332589;82,375985;68,273111
2018-01-31;90,278821;97,732379;87,554837;86,449222;108,101045;114,904209;115,963146;102,325257;96,91047;95,724863;100,054298;103,496559;63,764355
2018-02-28;83,215638;81,320977;86,701723;87,953879;102,559644;112,203236;102,14422;91,243171;88,134857;94,030606;92,539432;85,380816;62,011725
2018-03-31;96,042571;24,238155;101,963313;113,912631;108,827753;122,756947;117,805119;105,799061;98,539994;110,08676;116,852254;98,940449;67,301233
2018-04-30;94,156734;50,618828;101,26355;113,461571;107,854134;113,874829;108,870976;99,524019;90,723351;100,635149;115,388074;100,381292;59,203283
2018-05-31;93,812076;85,285366;91,662997;106,921736;87,548359;122,048651;113,396789;103,51509;97,783225;102,96214;122,017345;99,703416;60,076004
2018-06-30;93,580828;98,701614;104,325142;124,882014;103,887022;103,019101;108,131293;97,746341;96,421521;108,079567;120,349224;92,230143;101,785728
2018-07-31;94,727015;104,108924;116,708469;129,829634;102,947771;127,485302;107,607388;98,825615;98,711495;100,888095;98,570115;98,987602;141,727212
2018-08-31;94,281754;113,16726;104,695629;84,522064;58,498334;91,58312;112,530302;97,081865;98,796812;87,601139;117,252562;92,212068;163,811177
2018-09-30;91,638918;88,783355;93,608416;110,421774;98,451809;103,506811;102,511569;91,846911;91,524597;97,867463;106,550042;86,836774;189,941961
2018-10-31;96,28399;113,116247;106,643831;128,099202;106,596451;116,343482;119,907095;107,19894;106,542327;108,201457;109,65264;101,996526;135,373709
2018-11-30;90,597583;111,410977;89,639169;109,065066;102,203608;106,886213;111,746814;99,486794;100,658957;92,033122;107,611735;89,376166;102,011907
2018-12-31;92,660144;135,889619;71,014736;75,491797;98,939371;73,627393;105,98085;101,519967;95,550049;100,303887;83,386497;81,301013;67,820066
2019-01-31;92,831097;134,169774;91,518551;86,712408;110,945365;107,554828;115,476461;100,866707;96,84173;98,858277;104,842413;103,156633;70,958664
2019-02-28;85,683017;132,449929;91,751021;96,584737;107,426631;102,441327;100,690563;89,663607;87,271727;89,197965;98,01458;88,753927;65,280419
2019-03-31;92,752155;125,949498;98,730056;117,614184;96,600815;110,754501;108,518262;95,002793;92,034585;98,59562;112,630811;87,547956;67,509947
2019-04-30;89,348391;110,645792;98,387611;115,651457;106,264154;101,00374;116,404016;100,300507;96,626472;102,557083;106,538115;100,090578;60,201306
2019-05-31;72,26024;130,649922;94,343918;110,788056;92,96997;106,88477;111,263389;100,631348;95,078228;93,417392;117,908685;100,081372;61,458381
2019-06-30;73,661816;114,180219;94,278409;114,453598;110,729431;111,13688;100,988756;92,546294;92,283447;95,298462;120,694042;93,181806;96,318652
2019-07-31;83,16495;105,704881;114,325315;133,943297;112,866852;107,079685;110,268837;99,637178;100,456342;113,72386;98,924243;102,075574;142,96587
2019-08-31;90,766718;79,506395;97,902023;74,861208;67,554072;82,391326;107,178643;94,757599;95,170563;84,569838;115,843519;83,697067;144,400143
2019-09-30;89,025138;81,328264;99,954998;111,160311;112,878821;105,39897;107,56269;96,573513;90,691586;100,41508;108,220006;82,756195;181,625462
2019-10-31;94,910821;79,506395;110,267065;126,392744;110,779289;114,733273;118,168982;107,512163;104,959398;102,687259;110,385866;94,922784;152,932679
2019-11-30;88,630925;92,988231;89,704144;105,572849;115,445245;99,047737;104,345482;94,123274;94,888;92,795443;105,697564;78,512294;90,222258
2019-12-31;87,818439;126,364884;69,963785;75,182619;97,472301;77,431508;109,679191;104,654509;96,756506;100,776788;88,176401;80,540807;66,603851
2020-01-31;87,499848;109,312183;94,5408;91,586852;114,612912;102,573784;112,986589;96,967387;93,757931;101,097549;109,705432;94,753773;69,257943
2020-02-29;84,571384;93,27973;105,997883;100,987248;100,784034;99,718669;100,396624;87,27237;85,234448;99,905477;106,96313;84,275868;65,811102
2020-03-31;85,933896;121,336524;99,547603;73,768037;102,622954;91,825612;109,544532;99,05282;92,915576;107,370804;96,309681;88,472377;64,290074
2020-04-30;55,901305;85,409253;65,470296;48,261438;106,747636;79,027538;111,481657;96,336998;91,17704;100,588902;76,6873;94,64235;62,191703
2020-05-31;49,534684;98,599589;70,315464;84,50246;91,935399;60,679439;99,718908;91,032163;89,324022;99,350541;75,730661;84,287522;60,19237
2020-06-30;73,811693;85,555002;106,470463;122,215312;95,012298;62,203866;114,494297;97,477217;94,236732;124,810627;108,167801;95,105857;99,3457
2020-07-31;81,405596;105,44982;116,770902;122,697483;101,391201;95,627043;112,897759;97,556907;94,854211;126,412684;115,107668;96,455063;131,117253
2020-08-31;84,778143;94,081353;88,785947;81,635794;59,531176;66,077239;105,284927;90,561336;90,359516;105,82393;89,233069;84,272206;155,092151
2020-09-30;82,819902;60,4132;107,507896;118,596933;105,241626;103,695024;110,838486;97,686478;92,776949;128,954728;104,456648;102,990019;194,133194
